-- phpMyAdmin SQL Dump
-- version 5.2.1
-- https://www.phpmyadmin.net/
--
-- Host: 127.0.0.1
-- Generation Time: Dec 14, 2025 at 02:44 PM
-- Server version: 10.4.32-MariaDB
-- PHP Version: 8.2.12

SET SQL_MODE = "NO_AUTO_VALUE_ON_ZERO";
START TRANSACTION;
SET time_zone = "+00:00";


/*!40101 SET @OLD_CHARACTER_SET_CLIENT=@@CHARACTER_SET_CLIENT */;
/*!40101 SET @OLD_CHARACTER_SET_RESULTS=@@CHARACTER_SET_RESULTS */;
/*!40101 SET @OLD_COLLATION_CONNECTION=@@COLLATION_CONNECTION */;
/*!40101 SET NAMES utf8mb4 */;

--
-- Database: `a1`
--

-- --------------------------------------------------------

--
-- Table structure for table `academicstanding`
--

CREATE TABLE `academicstanding` (
  `StandingID` int(11) NOT NULL,
  `EnrollmentID` int(11) NOT NULL,
  `GeneralAverage` decimal(5,2) DEFAULT NULL,
  `AttendanceRate` decimal(5,2) DEFAULT NULL COMMENT 'As a percentage',
  `StandingLevelID` int(11) DEFAULT NULL,
  `ParticipationLevelID` int(11) DEFAULT NULL,
  `ComputedDate` datetime NOT NULL
) ENGINE=InnoDB DEFAULT CHARSET=utf8mb4 COLLATE=utf8mb4_general_ci;

-- --------------------------------------------------------

--
-- Table structure for table `academicstandinglevel`
--

CREATE TABLE `academicstandinglevel` (
  `StandingLevelID` int(11) NOT NULL,
  `LevelName` varchar(100) NOT NULL,
  `MinAverage` decimal(5,2) DEFAULT NULL,
  `SortOrder` int(11) DEFAULT 0
) ENGINE=InnoDB DEFAULT CHARSET=utf8mb4 COLLATE=utf8mb4_general_ci;

-- --------------------------------------------------------

--
-- Table structure for table `adminprofile`
--

CREATE TABLE `adminprofile` (
  `AdminProfileID` int(11) NOT NULL,
  `ProfileID` int(11) NOT NULL,
  `EmployeeNumber` varchar(50) DEFAULT NULL,
  `HireDate` date DEFAULT NULL
) ENGINE=InnoDB DEFAULT CHARSET=utf8mb4 COLLATE=utf8mb4_general_ci;

-- --------------------------------------------------------

--
-- Table structure for table `announcement`
--

CREATE TABLE `announcement` (
  `AnnouncementID` int(11) NOT NULL,
  `AuthorUserID` int(11) NOT NULL,
  `Title` varchar(255) NOT NULL,
  `Content` text NOT NULL,
  `Summary` text DEFAULT NULL,
  `Category` enum('Academic','Events','General') NOT NULL DEFAULT 'General',
  `BannerURL` varchar(255) DEFAULT NULL,
  `PublishDate` datetime NOT NULL,
  `ExpiryDate` datetime DEFAULT NULL,
  `TargetAudience` enum('All Users','Students','Teachers','Parents','Staff') NOT NULL,
  `IsPinned` tinyint(1) NOT NULL DEFAULT 0,
  `IsActive` tinyint(1) NOT NULL DEFAULT 1
) ENGINE=InnoDB DEFAULT CHARSET=utf8mb4 COLLATE=utf8mb4_general_ci;

-- --------------------------------------------------------

--
-- Table structure for table `application`
--

CREATE TABLE `application` (
  `ApplicationID` int(11) NOT NULL,
  `ApplicantProfileID` int(11) DEFAULT NULL,
  `SchoolYearID` int(11) NOT NULL,
  `ApplyingForGradeLevelID` int(11) NOT NULL,
  `EnrolleeType` enum('New','Old','Transferee') NOT NULL,
  `ApplicationStatus` enum('Pending','For Review','Approved','Rejected','Waitlisted','Enrolled') NOT NULL DEFAULT 'Pending',
  `PaymentMode` enum('full','quarterly','monthly') DEFAULT NULL,
  `TransactionID` int(11) DEFAULT NULL,
  `RegistrarNotes` text DEFAULT NULL,
  `SubmissionDate` datetime NOT NULL DEFAULT current_timestamp(),
  `ReviewedDate` datetime DEFAULT NULL,
  `PreviousSchool` varchar(255) DEFAULT NULL,
  `StudentFirstName` varchar(100) DEFAULT NULL,
  `StudentLastName` varchar(100) DEFAULT NULL,
  `StudentMiddleName` varchar(100) DEFAULT NULL,
  `DateOfBirth` date DEFAULT NULL,
  `Gender` enum('Male','Female') DEFAULT NULL,
  `Address` varchar(512) DEFAULT NULL,
  `ContactNumber` varchar(20) DEFAULT NULL,
  `EmailAddress` varchar(255) DEFAULT NULL,
  `GuardianFirstName` varchar(100) DEFAULT NULL,
  `GuardianLastName` varchar(100) DEFAULT NULL,
  `GuardianRelationship` varchar(50) DEFAULT NULL,
  `GuardianContact` varchar(20) DEFAULT NULL,
  `GuardianEmail` varchar(255) DEFAULT NULL,
  `TrackingNumber` varchar(50) DEFAULT NULL,
  `PrivacyAgreement` tinyint(1) DEFAULT 0,
  `ReviewedByUserID` int(11) DEFAULT NULL
) ENGINE=InnoDB DEFAULT CHARSET=utf8mb4 COLLATE=utf8mb4_general_ci;

-- --------------------------------------------------------

--
-- Table structure for table `applicationrequirement`
--

CREATE TABLE `applicationrequirement` (
  `RequirementID` int(11) NOT NULL,
  `ApplicationID` int(11) NOT NULL,
  `RequirementTypeID` int(11) NOT NULL,
  `SecureFileID` int(11) DEFAULT NULL,
  `RequirementStatus` enum('Submitted','Verified','Missing','Rejected') NOT NULL DEFAULT 'Missing',
  `SubmittedDate` datetime DEFAULT NULL,
  `VerifiedByUserID` int(11) DEFAULT NULL
) ENGINE=InnoDB DEFAULT CHARSET=utf8mb4 COLLATE=utf8mb4_general_ci;

-- --------------------------------------------------------

--
-- Table structure for table `applieddiscount`
--

CREATE TABLE `applieddiscount` (
  `AppliedDiscountID` int(11) NOT NULL,
  `TransactionID` int(11) NOT NULL,
  `DiscountID` int(11) NOT NULL,
  `DiscountAmount` decimal(10,2) NOT NULL,
  `ApprovedByUserID` int(11) DEFAULT NULL,
  `AppliedDate` datetime NOT NULL DEFAULT current_timestamp()
) ENGINE=InnoDB DEFAULT CHARSET=utf8mb4 COLLATE=utf8mb4_general_ci;

-- --------------------------------------------------------

--
-- Table structure for table `archive_search`
--

CREATE TABLE `archive_search` (
  `id` int(11) NOT NULL,
  `student_id` varchar(50) NOT NULL,
  `full_name` varchar(255) NOT NULL,
  `grade_level` varchar(50) NOT NULL,
  `exit_type` varchar(100) NOT NULL,
  `exit_status` varchar(100) NOT NULL,
  `new_school` varchar(255) DEFAULT NULL,
  `transfer_reason` text DEFAULT NULL,
  `request_date` date NOT NULL,
  `contact_email` varchar(255) NOT NULL,
  `archived_at` datetime NOT NULL,
  `created_at` datetime NOT NULL,
  `updated_at` datetime NOT NULL
) ENGINE=InnoDB DEFAULT CHARSET=utf8mb4 COLLATE=utf8mb4_general_ci;

-- --------------------------------------------------------

--
-- Table structure for table `attendance`
--

CREATE TABLE `attendance` (
  `AttendanceID` int(11) NOT NULL,
  `StudentProfileID` int(11) NOT NULL,
  `ClassScheduleID` int(11) NOT NULL,
  `AttendanceDate` date NOT NULL,
  `CheckInTime` datetime DEFAULT NULL,
  `CheckOutTime` datetime DEFAULT NULL,
  `AttendanceStatus` enum('Present','Late','Absent','Excused') NOT NULL,
  `AttendanceMethodID` int(11) DEFAULT NULL,
  `Notes` text DEFAULT NULL
) ENGINE=InnoDB DEFAULT CHARSET=utf8mb4 COLLATE=utf8mb4_general_ci;

-- --------------------------------------------------------

--
-- Table structure for table `attendancemethod`
--

CREATE TABLE `attendancemethod` (
  `MethodID` int(11) NOT NULL,
  `MethodName` varchar(100) NOT NULL,
  `IsActive` tinyint(1) NOT NULL DEFAULT 1
) ENGINE=InnoDB DEFAULT CHARSET=utf8mb4 COLLATE=utf8mb4_general_ci;

--
-- Dumping data for table `attendancemethod`
--

INSERT INTO `attendancemethod` (`MethodID`, `MethodName`, `IsActive`) VALUES
(1, 'Manual', 1),
(2, 'QR Code Scan', 1),
(3, 'RFID Card', 1),
(4, 'Biometric', 1);

-- --------------------------------------------------------

--
-- Table structure for table `attendancesummary`
--

CREATE TABLE `attendancesummary` (
  `AttendanceSummaryID` int(11) NOT NULL,
  `StudentProfileID` int(11) NOT NULL,
  `SchoolYearID` int(11) NOT NULL,
  `TotalDaysPresent` int(11) NOT NULL DEFAULT 0,
  `TotalSchoolDays` int(11) NOT NULL DEFAULT 0,
  `AttendancePercentage` decimal(5,2) GENERATED ALWAYS AS (case when `TotalSchoolDays` > 0 then round(`TotalDaysPresent` / `TotalSchoolDays` * 100,2) else 0 end) STORED,
  `LastUpdated` datetime NOT NULL DEFAULT current_timestamp() ON UPDATE current_timestamp()
) ENGINE=InnoDB DEFAULT CHARSET=utf8mb4 COLLATE=utf8mb4_general_ci;

-- --------------------------------------------------------

--
-- Table structure for table `auditlog`
--

CREATE TABLE `auditlog` (
  `AuditID` bigint(20) NOT NULL,
  `TableName` varchar(100) NOT NULL,
  `RecordID` int(11) DEFAULT NULL,
  `Operation` enum('INSERT','UPDATE','DELETE','LOGIN','LOGOUT') NOT NULL,
  `UserID` int(11) DEFAULT NULL,
  `OldValues` longtext CHARACTER SET utf8mb4 COLLATE utf8mb4_bin DEFAULT NULL CHECK (json_valid(`OldValues`)),
  `NewValues` longtext CHARACTER SET utf8mb4 COLLATE utf8mb4_bin DEFAULT NULL CHECK (json_valid(`NewValues`)),
  `IPAddress` varchar(45) DEFAULT NULL,
  `UserAgent` varchar(255) DEFAULT NULL,
  `Timestamp` datetime NOT NULL DEFAULT current_timestamp()
) ENGINE=InnoDB DEFAULT CHARSET=utf8mb4 COLLATE=utf8mb4_general_ci;

-- --------------------------------------------------------

--
-- Table structure for table `authorized_escort`
--

CREATE TABLE `authorized_escort` (
  `EscortID` int(11) NOT NULL,
  `StudentProfileID` int(11) NOT NULL,
  `FullName` varchar(255) NOT NULL,
  `RelationshipToStudent` varchar(100) NOT NULL,
  `ContactNumber` varchar(20) NOT NULL,
  `Address` varchar(512) DEFAULT NULL,
  `AdditionalNotes` text DEFAULT NULL,
  `EscortStatus` enum('Pending','Approved','Rejected') NOT NULL DEFAULT 'Pending',
  `IsActive` tinyint(1) NOT NULL DEFAULT 1,
  `DateAdded` datetime NOT NULL DEFAULT current_timestamp(),
  `ApprovedByUserID` int(11) DEFAULT NULL
) ENGINE=InnoDB DEFAULT CHARSET=utf8mb4 COLLATE=utf8mb4_general_ci;

-- --------------------------------------------------------

--
-- Table structure for table `classschedule`
--

CREATE TABLE `classschedule` (
  `ScheduleID` int(11) NOT NULL,
  `SectionID` int(11) NOT NULL,
  `SubjectID` int(11) NOT NULL,
  `TeacherProfileID` int(11) DEFAULT NULL,
  `DayOfWeek` enum('Monday','Tuesday','Wednesday','Thursday','Friday','Saturday','Sunday') NOT NULL,
  `StartTime` time NOT NULL,
  `EndTime` time NOT NULL,
  `ScheduleStatusID` int(11) DEFAULT NULL,
  `RoomNumber` varchar(50) DEFAULT NULL
) ENGINE=InnoDB DEFAULT CHARSET=utf8mb4 COLLATE=utf8mb4_general_ci;

-- --------------------------------------------------------

--
-- Table structure for table `discount`
--

CREATE TABLE `discount` (
  `DiscountID` int(11) NOT NULL,
  `DiscountName` varchar(100) NOT NULL,
  `DiscountTypeID` int(11) NOT NULL,
  `PercentageOrAmount` decimal(10,2) NOT NULL,
  `IsPercentage` tinyint(1) NOT NULL,
  `ValidFrom` date DEFAULT NULL,
  `ValidUntil` date DEFAULT NULL,
  `IsActive` tinyint(1) NOT NULL DEFAULT 1
) ENGINE=InnoDB DEFAULT CHARSET=utf8mb4 COLLATE=utf8mb4_general_ci;

-- --------------------------------------------------------

--
-- Table structure for table `discounttype`
--

CREATE TABLE `discounttype` (
  `DiscountTypeID` int(11) NOT NULL,
  `TypeName` varchar(100) NOT NULL,
  `IsActive` tinyint(1) NOT NULL DEFAULT 1
) ENGINE=InnoDB DEFAULT CHARSET=utf8mb4 COLLATE=utf8mb4_general_ci;

-- --------------------------------------------------------

--
-- Table structure for table `document_request`
--

CREATE TABLE `document_request` (
  `RequestID` int(11) NOT NULL,
  `StudentProfileID` int(11) NOT NULL,
  `DocumentType` enum('form137','grades','goodMoral','enrollment','completion','honorable') NOT NULL,
  `Purpose` varchar(255) NOT NULL,
  `Quantity` int(11) NOT NULL DEFAULT 1,
  `DeliveryMethod` enum('pickup','mail') NOT NULL DEFAULT 'pickup',
  `AdditionalNotes` text DEFAULT NULL,
  `RequestStatus` enum('Pending','Processing','Ready','Completed','Rejected') NOT NULL DEFAULT 'Pending',
  `DateRequested` datetime NOT NULL DEFAULT current_timestamp(),
  `DateCompleted` datetime DEFAULT NULL,
  `ScheduledPickupDate` date DEFAULT NULL,
  `ScheduledPickupTime` varchar(20) DEFAULT NULL,
  `RejectionReason` text DEFAULT NULL,
  `ProcessedBy` int(11) DEFAULT NULL,
  `ProcessedByUserID` int(11) DEFAULT NULL
) ENGINE=InnoDB DEFAULT CHARSET=utf8mb4 COLLATE=utf8mb4_general_ci;

-- --------------------------------------------------------

--
-- Table structure for table `emergencycontact`
--

CREATE TABLE `emergencycontact` (
  `EmergencyContactID` int(11) NOT NULL,
  `StudentProfileID` int(11) NOT NULL,
  `ContactPerson` varchar(255) NOT NULL,
  `EncryptedContactNumber` varbinary(255) NOT NULL
) ENGINE=InnoDB DEFAULT CHARSET=utf8mb4 COLLATE=utf8mb4_general_ci;

-- --------------------------------------------------------

--
-- Table structure for table `enrollment`
--

CREATE TABLE `enrollment` (
  `EnrollmentID` int(11) NOT NULL,
  `StudentProfileID` int(11) NOT NULL,
  `SectionID` int(11) NOT NULL,
  `SchoolYearID` int(11) NOT NULL,
  `EnrollmentDate` date NOT NULL,
  `OutstandingBalance` decimal(10,2) DEFAULT 0.00
) ENGINE=InnoDB DEFAULT CHARSET=utf8mb4 COLLATE=utf8mb4_general_ci;

-- --------------------------------------------------------

--
-- Table structure for table `faq`
--

CREATE TABLE `faq` (
  `FAQID` int(11) NOT NULL,
  `Question` text NOT NULL,
  `Answer` text NOT NULL,
  `Category` varchar(100) DEFAULT NULL,
  `ViewCount` int(11) NOT NULL DEFAULT 0,
  `IsPublished` tinyint(1) NOT NULL DEFAULT 0,
  `SortOrder` int(11) DEFAULT 0,
  `CreatedAt` datetime NOT NULL DEFAULT current_timestamp(),
  `UpdatedAt` datetime NOT NULL DEFAULT current_timestamp() ON UPDATE current_timestamp()
) ENGINE=InnoDB DEFAULT CHARSET=utf8mb4 COLLATE=utf8mb4_general_ci;

-- --------------------------------------------------------

--
-- Table structure for table `grade`
--

CREATE TABLE `grade` (
  `GradeID` int(11) NOT NULL,
  `EnrollmentID` int(11) NOT NULL,
  `SubjectID` int(11) NOT NULL,
  `Quarter` enum('First Quarter','Second Quarter','Third Quarter','Fourth Quarter') NOT NULL,
  `GradeValue` decimal(5,2) DEFAULT NULL,
  `Remarks` text DEFAULT NULL,
  `GradeStatusID` int(11) DEFAULT NULL,
  `LastModified` datetime NOT NULL DEFAULT current_timestamp() ON UPDATE current_timestamp(),
  `ModifiedByUserID` int(11) DEFAULT NULL
) ENGINE=InnoDB DEFAULT CHARSET=utf8mb4 COLLATE=utf8mb4_general_ci;

-- --------------------------------------------------------

--
-- Table structure for table `gradelevel`
--

CREATE TABLE `gradelevel` (
  `GradeLevelID` int(11) NOT NULL,
  `LevelName` varchar(50) NOT NULL,
  `SortOrder` int(11) NOT NULL
) ENGINE=InnoDB DEFAULT CHARSET=utf8mb4 COLLATE=utf8mb4_general_ci;

--
-- Dumping data for table `gradelevel`
--

INSERT INTO `gradelevel` (`GradeLevelID`, `LevelName`, `SortOrder`) VALUES
(1, 'Nursery', 1),
(2, 'K1', 2),
(3, 'Grade 1', 3),
(4, 'Grade 2', 4),
(5, 'Grade 3', 5),
(6, 'Grade 4', 6),
(7, 'Grade 5', 7),
(8, 'Grade 6', 8),
(9, 'K2', 3);

-- --------------------------------------------------------

--
-- Table structure for table `gradestatus`
--

CREATE TABLE `gradestatus` (
  `StatusID` int(11) NOT NULL,
  `StatusName` varchar(50) NOT NULL
) ENGINE=InnoDB DEFAULT CHARSET=utf8mb4 COLLATE=utf8mb4_general_ci;

-- --------------------------------------------------------

--
-- Table structure for table `gradesubmission`
--

CREATE TABLE `gradesubmission` (
  `SubmissionID` int(11) NOT NULL,
  `SectionID` int(11) NOT NULL,
  `SchoolYearID` int(11) NOT NULL,
  `Quarter` enum('First Quarter','Second Quarter','Third Quarter','Fourth Quarter') NOT NULL,
  `SubmissionStatus` enum('Draft','Submitted','Approved','Rejected','Resubmitted') NOT NULL DEFAULT 'Draft',
  `SubmittedByUserID` int(11) DEFAULT NULL,
  `SubmittedDate` datetime DEFAULT NULL,
  `TotalStudents` int(11) NOT NULL DEFAULT 0,
  `StudentsWithGrades` int(11) NOT NULL DEFAULT 0,
  `ReviewedByUserID` int(11) DEFAULT NULL,
  `ReviewedDate` datetime DEFAULT NULL,
  `RegistrarNotes` text DEFAULT NULL,
  `TeacherNotes` text DEFAULT NULL,
  `CreatedAt` datetime NOT NULL DEFAULT current_timestamp(),
  `UpdatedAt` datetime NOT NULL DEFAULT current_timestamp() ON UPDATE current_timestamp()
) ENGINE=InnoDB DEFAULT CHARSET=utf8mb4 COLLATE=utf8mb4_general_ci;

-- --------------------------------------------------------

--
-- Table structure for table `gradesubmissiondeadline`
--

CREATE TABLE `gradesubmissiondeadline` (
  `DeadlineID` int(11) NOT NULL,
  `SchoolYearID` int(11) NOT NULL,
  `Quarter` enum('First Quarter','Second Quarter','Third Quarter','Fourth Quarter') NOT NULL,
  `StartDate` datetime NOT NULL,
  `DeadlineDate` datetime NOT NULL,
  `CreatedByUserID` int(11) DEFAULT NULL
) ENGINE=InnoDB DEFAULT CHARSET=utf8mb4 COLLATE=utf8mb4_general_ci;

-- --------------------------------------------------------

--
-- Table structure for table `guardian`
--

CREATE TABLE `guardian` (
  `GuardianID` int(11) NOT NULL,
  `FullName` varchar(255) NOT NULL,
  `EncryptedPhoneNumber` varbinary(255) DEFAULT NULL,
  `EncryptedEmailAddress` varbinary(255) DEFAULT NULL,
  `Occupation` varchar(100) DEFAULT NULL,
  `WorkAddress` varchar(512) DEFAULT NULL
) ENGINE=InnoDB DEFAULT CHARSET=utf8mb4 COLLATE=utf8mb4_general_ci;

-- --------------------------------------------------------

--
-- Table structure for table `guardprofile`
--

CREATE TABLE `guardprofile` (
  `GuardProfileID` int(11) NOT NULL,
  `ProfileID` int(11) NOT NULL,
  `EmployeeNumber` varchar(50) DEFAULT NULL,
  `HireDate` date DEFAULT NULL
) ENGINE=InnoDB DEFAULT CHARSET=utf8mb4 COLLATE=utf8mb4_general_ci;

-- --------------------------------------------------------

--
-- Table structure for table `itemtype`
--

CREATE TABLE `itemtype` (
  `ItemTypeID` int(11) NOT NULL,
  `TypeName` varchar(100) NOT NULL,
  `IsActive` tinyint(1) NOT NULL DEFAULT 1,
  `SortOrder` int(11) DEFAULT 0
) ENGINE=InnoDB DEFAULT CHARSET=utf8mb4 COLLATE=utf8mb4_general_ci;

-- --------------------------------------------------------

--
-- Table structure for table `medicalinfo`
--

CREATE TABLE `medicalinfo` (
  `MedicalInfoID` int(11) NOT NULL,
  `StudentProfileID` int(11) NOT NULL,
  `Weight` decimal(5,2) DEFAULT NULL COMMENT 'In kilograms',
  `Height` decimal(5,2) DEFAULT NULL COMMENT 'In centimeters',
  `EncryptedAllergies` blob DEFAULT NULL,
  `EncryptedMedicalConditions` blob DEFAULT NULL,
  `EncryptedMedications` blob DEFAULT NULL
) ENGINE=InnoDB DEFAULT CHARSET=utf8mb4 COLLATE=utf8mb4_general_ci;

-- --------------------------------------------------------

--
-- Table structure for table `notificationlog`
--

CREATE TABLE `notificationlog` (
  `LogID` int(11) NOT NULL,
  `RecipientUserID` int(11) NOT NULL,
  `NotificationTypeID` int(11) DEFAULT NULL,
  `Title` varchar(255) NOT NULL,
  `Message` text NOT NULL,
  `SentAt` datetime NOT NULL DEFAULT current_timestamp(),
  `IsRead` tinyint(1) NOT NULL DEFAULT 0,
  `NotificationStatus` enum('Sent','Failed','Pending','Delivered','Read') NOT NULL,
  `ErrorMessage` text DEFAULT NULL,
  `RetryCount` int(11) NOT NULL DEFAULT 0
) ENGINE=InnoDB DEFAULT CHARSET=utf8mb4 COLLATE=utf8mb4_general_ci;

-- --------------------------------------------------------

--
-- Table structure for table `notificationtype`
--

CREATE TABLE `notificationtype` (
  `NotificationTypeID` int(11) NOT NULL,
  `TypeName` varchar(100) NOT NULL,
  `TemplateContent` text DEFAULT NULL
) ENGINE=InnoDB DEFAULT CHARSET=utf8mb4 COLLATE=utf8mb4_general_ci;

-- --------------------------------------------------------

--
-- Table structure for table `participationlevel`
--

CREATE TABLE `participationlevel` (
  `ParticipationLevelID` int(11) NOT NULL,
  `LevelName` varchar(100) NOT NULL,
  `SortOrder` int(11) DEFAULT 0
) ENGINE=InnoDB DEFAULT CHARSET=utf8mb4 COLLATE=utf8mb4_general_ci;

-- --------------------------------------------------------

--
-- Table structure for table `participationrating`
--

CREATE TABLE `participationrating` (
  `ParticipationRatingID` int(11) NOT NULL,
  `StudentProfileID` int(11) NOT NULL,
  `SchoolYearID` int(11) NOT NULL,
  `Rating` int(11) NOT NULL CHECK (`Rating` >= 1 and `Rating` <= 5),
  `Remark` varchar(100) DEFAULT NULL,
  `EvaluatedByUserID` int(11) DEFAULT NULL,
  `EvaluationDate` datetime NOT NULL DEFAULT current_timestamp(),
  `LastUpdated` datetime NOT NULL DEFAULT current_timestamp() ON UPDATE current_timestamp()
) ENGINE=InnoDB DEFAULT CHARSET=utf8mb4 COLLATE=utf8mb4_general_ci;

-- --------------------------------------------------------

--
-- Table structure for table `passwordhistory`
--

CREATE TABLE `passwordhistory` (
  `HistoryID` int(11) NOT NULL,
  `UserID` int(11) NOT NULL,
  `PasswordHash` varchar(255) NOT NULL,
  `CreatedAt` datetime NOT NULL DEFAULT current_timestamp()
) ENGINE=InnoDB DEFAULT CHARSET=utf8mb4 COLLATE=utf8mb4_general_ci;

-- --------------------------------------------------------

--
-- Table structure for table `passwordpolicy`
--

CREATE TABLE `passwordpolicy` (
  `PolicyID` int(11) NOT NULL,
  `UserID` int(11) NOT NULL,
  `PasswordHash` varchar(255) NOT NULL,
  `PasswordSetDate` datetime NOT NULL DEFAULT current_timestamp(),
  `ExpiryDate` datetime DEFAULT NULL,
  `MustChange` tinyint(1) NOT NULL DEFAULT 0,
  `FailedLoginAttempts` int(11) NOT NULL DEFAULT 0,
  `LockedUntil` datetime DEFAULT NULL
) ENGINE=InnoDB DEFAULT CHARSET=utf8mb4 COLLATE=utf8mb4_general_ci;

--
-- Dumping data for table `passwordpolicy`
--

INSERT INTO `passwordpolicy` (`PolicyID`, `UserID`, `PasswordHash`, `PasswordSetDate`, `ExpiryDate`, `MustChange`, `FailedLoginAttempts`, `LockedUntil`) VALUES
(1, 1, '$2y$10$RJbLzwZSIj7tB.nHfiwKmeiRjpDIhF.zipsW4NsTz2reYHl4TOFBa', '2025-12-11 10:33:34', NULL, 0, 0, NULL);

-- --------------------------------------------------------

--
-- Table structure for table `password_reset_tokens`
--

CREATE TABLE `password_reset_tokens` (
  `TokenID` int(11) NOT NULL,
  `UserID` int(11) NOT NULL,
  `Token` varchar(255) NOT NULL,
  `ExpiresAt` datetime NOT NULL,
  `IsUsed` tinyint(1) NOT NULL DEFAULT 0,
  `CreatedAt` datetime NOT NULL DEFAULT current_timestamp()
) ENGINE=InnoDB DEFAULT CHARSET=utf8mb4 COLLATE=utf8mb4_general_ci;

-- --------------------------------------------------------

--
-- Table structure for table `payment`
--

CREATE TABLE `payment` (
  `PaymentID` int(11) NOT NULL,
  `TransactionID` int(11) NOT NULL,
  `PaymentMethodID` int(11) NOT NULL,
  `AmountPaid` decimal(10,2) NOT NULL,
  `PaymentDateTime` datetime NOT NULL DEFAULT current_timestamp(),
  `ReferenceNumber` varchar(255) DEFAULT NULL,
  `ProofFileID` int(11) DEFAULT NULL,
  `VerificationStatus` enum('Pending','Verified','Rejected') NOT NULL DEFAULT 'Pending',
  `PaymentMode` enum('full','quarterly','monthly','custom') DEFAULT 'full',
  `InstallmentNumber` int(11) DEFAULT 1,
  `VerifiedByUserID` int(11) DEFAULT NULL,
  `VerifiedAt` datetime DEFAULT NULL,
  `RejectionReason` text DEFAULT NULL,
  `VerifiedBy` int(11) DEFAULT NULL,
  `VerificationRemarks` text DEFAULT NULL
) ENGINE=InnoDB DEFAULT CHARSET=utf8mb4 COLLATE=utf8mb4_general_ci;

-- --------------------------------------------------------

--
-- Table structure for table `paymentmethod`
--

CREATE TABLE `paymentmethod` (
  `PaymentMethodID` int(11) NOT NULL,
  `MethodName` varchar(100) NOT NULL,
  `MethodIcon` varchar(255) DEFAULT NULL,
  `IsActive` tinyint(1) NOT NULL DEFAULT 1,
  `SortOrder` int(11) DEFAULT 0
) ENGINE=InnoDB DEFAULT CHARSET=utf8mb4 COLLATE=utf8mb4_general_ci;

--
-- Dumping data for table `paymentmethod`
--

INSERT INTO `paymentmethod` (`PaymentMethodID`, `MethodName`, `MethodIcon`, `IsActive`, `SortOrder`) VALUES
(1, 'Cash', NULL, 1, 1),
(2, 'Bank Transfer', NULL, 1, 2),
(3, 'GCash', NULL, 1, 3),
(4, 'PayMaya', NULL, 1, 4),
(5, 'Check', NULL, 1, 5);

-- --------------------------------------------------------

--
-- Table structure for table `permission`
--

CREATE TABLE `permission` (
  `PermissionID` int(11) NOT NULL,
  `PermissionCode` varchar(100) NOT NULL,
  `ModuleName` varchar(100) NOT NULL,
  `Description` text DEFAULT NULL
) ENGINE=InnoDB DEFAULT CHARSET=utf8mb4 COLLATE=utf8mb4_general_ci;

-- --------------------------------------------------------

--
-- Table structure for table `profile`
--

CREATE TABLE `profile` (
  `ProfileID` int(11) NOT NULL,
  `UserID` int(11) NOT NULL,
  `FirstName` varchar(100) NOT NULL,
  `LastName` varchar(100) NOT NULL,
  `MiddleName` varchar(100) DEFAULT NULL,
  `Gender` enum('Male','Female') DEFAULT NULL,
  `BirthDate` date DEFAULT NULL,
  `Age` int(11) DEFAULT NULL,
  `Religion` varchar(255) DEFAULT NULL,
  `MotherTounge` varchar(255) DEFAULT NULL,
  `EncryptedPhoneNumber` varbinary(255) DEFAULT NULL,
  `EncryptedAddress` varbinary(512) DEFAULT NULL,
  `ProfilePictureURL` varchar(2048) DEFAULT NULL
) ENGINE=InnoDB DEFAULT CHARSET=utf8mb4 COLLATE=utf8mb4_general_ci;

--
-- Dumping data for table `profile`
--

INSERT INTO `profile` (`ProfileID`, `UserID`, `FirstName`, `LastName`, `MiddleName`, `Gender`, `BirthDate`, `Age`, `Religion`, `MotherTounge`, `EncryptedPhoneNumber`, `EncryptedAddress`, `ProfilePictureURL`) VALUES
(1, 1, 'John', 'Rey', 'Registrar', 'Male', NULL, NULL, 'Roman Catholic', 'English', 0x009551355073, NULL, NULL);

-- --------------------------------------------------------

--
-- Table structure for table `registrarprofile`
--

CREATE TABLE `registrarprofile` (
  `RegistrarProfileID` int(11) NOT NULL,
  `ProfileID` int(11) NOT NULL,
  `EmployeeNumber` varchar(50) DEFAULT NULL,
  `HireDate` date DEFAULT NULL
) ENGINE=InnoDB DEFAULT CHARSET=utf8mb4 COLLATE=utf8mb4_general_ci;

--
-- Dumping data for table `registrarprofile`
--

INSERT INTO `registrarprofile` (`RegistrarProfileID`, `ProfileID`, `EmployeeNumber`, `HireDate`) VALUES
(1, 1, '1', NULL);

-- --------------------------------------------------------

--
-- Table structure for table `requirementtype`
--

CREATE TABLE `requirementtype` (
  `RequirementTypeID` int(11) NOT NULL,
  `TypeName` varchar(255) NOT NULL,
  `IsMandatory` tinyint(1) NOT NULL DEFAULT 1,
  `SortOrder` int(11) DEFAULT 0
) ENGINE=InnoDB DEFAULT CHARSET=utf8mb4 COLLATE=utf8mb4_general_ci;

--
-- Dumping data for table `requirementtype`
--

INSERT INTO `requirementtype` (`RequirementTypeID`, `TypeName`, `IsMandatory`, `SortOrder`) VALUES
(1, 'Birth Certificate (PSA)', 1, 1),
(2, 'Report Card', 1, 2),
(3, 'Good Moral', 1, 3),
(4, '2x2 ID Picture', 1, 4);

-- --------------------------------------------------------

--
-- Table structure for table `role`
--

CREATE TABLE `role` (
  `RoleID` int(11) NOT NULL,
  `RoleName` varchar(100) NOT NULL,
  `Description` text DEFAULT NULL,
  `IsActive` tinyint(1) NOT NULL DEFAULT 1
) ENGINE=InnoDB DEFAULT CHARSET=utf8mb4 COLLATE=utf8mb4_general_ci;

-- --------------------------------------------------------

--
-- Table structure for table `rolepermission`
--

CREATE TABLE `rolepermission` (
  `RolePermissionID` int(11) NOT NULL,
  `RoleID` int(11) NOT NULL,
  `PermissionID` int(11) NOT NULL
) ENGINE=InnoDB DEFAULT CHARSET=utf8mb4 COLLATE=utf8mb4_general_ci;

-- --------------------------------------------------------

--
-- Table structure for table `schedulestatus`
--

CREATE TABLE `schedulestatus` (
  `StatusID` int(11) NOT NULL,
  `StatusName` varchar(50) NOT NULL
) ENGINE=InnoDB DEFAULT CHARSET=utf8mb4 COLLATE=utf8mb4_general_ci;

-- --------------------------------------------------------

--
-- Table structure for table `schoolyear`
--

CREATE TABLE `schoolyear` (
  `SchoolYearID` int(11) NOT NULL,
  `YearName` varchar(50) NOT NULL,
  `StartDate` date NOT NULL,
  `EndDate` date NOT NULL,
  `IsActive` tinyint(1) NOT NULL DEFAULT 0
) ENGINE=InnoDB DEFAULT CHARSET=utf8mb4 COLLATE=utf8mb4_general_ci;

--
-- Dumping data for table `schoolyear`
--

INSERT INTO `schoolyear` (`SchoolYearID`, `YearName`, `StartDate`, `EndDate`, `IsActive`) VALUES
(2, '2020-2021', '2020-06-01', '2021-03-31', 0),
(3, '2021-2022', '2021-06-01', '2022-03-31', 0),
(4, '2022-2023', '2022-06-01', '2023-03-31', 0),
(5, '2023-2024', '2023-06-01', '2024-03-31', 0),
(6, '2024-2025', '2024-06-01', '2025-03-31', 0),
(7, '2025-2026', '2025-06-01', '2026-03-31', 1);

-- --------------------------------------------------------

--
-- Table structure for table `section`
--

CREATE TABLE `section` (
  `SectionID` int(11) NOT NULL,
  `GradeLevelID` int(11) NOT NULL,
  `SchoolYearID` int(11) NOT NULL,
  `AdviserTeacherID` int(11) DEFAULT NULL,
  `SectionName` varchar(100) NOT NULL,
  `MaxCapacity` int(11) DEFAULT NULL,
  `CurrentEnrollment` int(11) NOT NULL DEFAULT 0,
  `IsDefault` tinyint(1) DEFAULT NULL
) ENGINE=InnoDB DEFAULT CHARSET=utf8mb4 COLLATE=utf8mb4_general_ci;

--
-- Dumping data for table `section`
--

INSERT INTO `section` (`SectionID`, `GradeLevelID`, `SchoolYearID`, `AdviserTeacherID`, `SectionName`, `MaxCapacity`, `CurrentEnrollment`, `IsDefault`) VALUES
(19, 1, 7, NULL, 'Love', 20, 0, 1),
(20, 2, 7, NULL, 'Joy', 20, 0, 1),
(21, 9, 7, NULL, 'Peace', 20, 0, 1),
(22, 3, 7, NULL, 'Genesis A', 20, 0, 1),
(23, 3, 7, NULL, 'Genesis B', 20, 0, 0),
(24, 4, 7, NULL, 'Leviticus A', 20, 0, 1),
(25, 4, 7, NULL, 'Leviticus B', 20, 0, 0),
(26, 5, 7, NULL, 'Joshua', 20, 0, 1),
(27, 6, 7, NULL, 'Ruth', 20, 0, 1),
(28, 7, 7, NULL, 'Samuel', 20, 0, 1),
(29, 8, 7, NULL, 'Ezra', 20, 0, 1);

-- --------------------------------------------------------

--
-- Table structure for table `securefile`
--

CREATE TABLE `securefile` (
  `FileID` int(11) NOT NULL,
  `OriginalFileName` varchar(255) NOT NULL,
  `StoredFileName` varchar(255) NOT NULL,
  `FilePath` varchar(1024) NOT NULL,
  `FileSize` bigint(20) NOT NULL COMMENT 'In bytes',
  `MimeType` varchar(100) NOT NULL,
  `FileHash` varchar(255) DEFAULT NULL,
  `UploadedByUserID` int(11) DEFAULT NULL,
  `UploadedAt` datetime NOT NULL DEFAULT current_timestamp(),
  `EncryptionMethod` varchar(50) DEFAULT NULL,
  `AccessLevel` varchar(50) DEFAULT 'private',
  `ExpiryDate` datetime DEFAULT NULL
) ENGINE=InnoDB DEFAULT CHARSET=utf8mb4 COLLATE=utf8mb4_general_ci;

-- --------------------------------------------------------

--
-- Table structure for table `studentguardian`
--

CREATE TABLE `studentguardian` (
  `StudentGuardianID` int(11) NOT NULL,
  `StudentProfileID` int(11) NOT NULL,
  `GuardianID` int(11) NOT NULL,
  `RelationshipType` enum('Father','Mother','Guardian','Sibling','Other') NOT NULL,
  `IsPrimaryContact` tinyint(1) NOT NULL DEFAULT 0,
  `IsEmergencyContact` tinyint(1) NOT NULL DEFAULT 0,
  `IsAuthorizedPickup` tinyint(1) NOT NULL DEFAULT 0,
  `SortOrder` int(11) DEFAULT 0
) ENGINE=InnoDB DEFAULT CHARSET=utf8mb4 COLLATE=utf8mb4_general_ci;

-- --------------------------------------------------------

--
-- Stand-in structure for view `studentlogindetails`
-- (See below for the actual view)
--
CREATE TABLE `studentlogindetails` (
`UserID` int(11)
,`StudentNumber` varchar(50)
,`PasswordHash` varchar(255)
,`FullName` varchar(201)
,`UserType` enum('Admin','Teacher','Student','Parent','Registrar','Guard','Staff','HeadTeacher')
,`AccountStatus` enum('Active','Inactive','Suspended','PendingVerification')
,`ProfileID` int(11)
);

-- --------------------------------------------------------

--
-- Table structure for table `studentprofile`
--

CREATE TABLE `studentprofile` (
  `StudentProfileID` int(11) NOT NULL,
  `ProfileID` int(11) NOT NULL,
  `StudentNumber` varchar(50) NOT NULL,
  `QRCodeID` varchar(255) DEFAULT NULL,
  `DateOfBirth` date DEFAULT NULL,
  `Gender` varchar(20) DEFAULT NULL,
  `Nationality` varchar(100) DEFAULT NULL,
  `StudentStatus` enum('Enrolled','Withdrawn','Graduated','On Leave') NOT NULL DEFAULT 'Enrolled',
  `ArchiveDate` date DEFAULT NULL
) ENGINE=InnoDB DEFAULT CHARSET=utf8mb4 COLLATE=utf8mb4_general_ci;

--
-- Triggers `studentprofile`
--
DELIMITER $$
CREATE TRIGGER `after_student_profile_insert` AFTER INSERT ON `studentprofile` FOR EACH ROW BEGIN
    DECLARE app_transaction_id INT;
    DECLARE app_school_year_id INT;
    DECLARE transaction_balance DECIMAL(10,2);
    
    -- Find the application that matches this student's name
    SELECT a.TransactionID, a.SchoolYearID
    INTO app_transaction_id, app_school_year_id
    FROM application a
    JOIN profile p ON p.FirstName = a.StudentFirstName AND p.LastName = a.StudentLastName
    WHERE p.ProfileID = NEW.ProfileID
    AND a.ApplicationStatus IN ('Approved', 'Enrolled')
    AND a.TransactionID IS NOT NULL
    ORDER BY a.ApplicationID DESC
    LIMIT 1;
    
    -- If we found a matching transaction, link it automatically
    IF app_transaction_id IS NOT NULL THEN
        -- Update transaction with student profile ID
        UPDATE transaction 
        SET StudentProfileID = NEW.StudentProfileID
        WHERE TransactionID = app_transaction_id
        AND StudentProfileID IS NULL;
        
        -- Get the outstanding balance
        SELECT (TotalAmount - PaidAmount)
        INTO transaction_balance
        FROM transaction
        WHERE TransactionID = app_transaction_id;
        
        -- Update enrollment outstanding balance automatically
        UPDATE enrollment 
        SET OutstandingBalance = transaction_balance
        WHERE StudentProfileID = NEW.StudentProfileID
        AND SchoolYearID = app_school_year_id;
    END IF;
END
$$
DELIMITER ;

-- --------------------------------------------------------

--
-- Table structure for table `subject`
--

CREATE TABLE `subject` (
  `SubjectID` int(11) NOT NULL,
  `SubjectName` varchar(100) NOT NULL,
  `SubjectCode` varchar(20) NOT NULL,
  `GradeLevelID` int(11) NOT NULL,
  `IsActive` tinyint(1) NOT NULL DEFAULT 1
) ENGINE=InnoDB DEFAULT CHARSET=utf8mb4 COLLATE=utf8mb4_general_ci;

--
-- Dumping data for table `subject`
--

INSERT INTO `subject` (`SubjectID`, `SubjectName`, `SubjectCode`, `GradeLevelID`, `IsActive`) VALUES
(1, 'English', 'ENG-G1', 3, 1),
(2, 'Reading', 'READ-G1', 3, 1),
(3, 'Filipino', 'FIL-G1', 3, 1),
(4, 'Science', 'SCI-G1', 3, 1),
(5, 'Mathematics', 'MATH-G1', 3, 1),
(6, 'Araling Panlipunan', 'AP-G1', 3, 1),
(7, 'ESP (Edukasyon sa Pagpapakatao)', 'ESP-G1', 3, 1),
(8, 'English', 'ENG-G2', 4, 1),
(9, 'Reading', 'READ-G2', 4, 1),
(10, 'Filipino', 'FIL-G2', 4, 1),
(11, 'Science', 'SCI-G2', 4, 1),
(12, 'Mathematics', 'MATH-G2', 4, 1),
(13, 'Araling Panlipunan', 'AP-G2', 4, 1),
(14, 'ESP (Edukasyon sa Pagpapakatao)', 'ESP-G2', 4, 1),
(15, 'English', 'ENG-G3', 5, 1),
(16, 'Reading', 'READ-G3', 5, 1),
(17, 'Filipino', 'FIL-G3', 5, 1),
(18, 'Science', 'SCI-G3', 5, 1),
(19, 'Mathematics', 'MATH-G3', 5, 1),
(20, 'Araling Panlipunan', 'AP-G3', 5, 1),
(21, 'ESP (Edukasyon sa Pagpapakatao)', 'ESP-G3', 5, 1),
(22, 'English', 'ENG-G4', 6, 1),
(23, 'Reading', 'READ-G4', 6, 1),
(24, 'Filipino', 'FIL-G4', 6, 1),
(25, 'Science', 'SCI-G4', 6, 1),
(26, 'Mathematics', 'MATH-G4', 6, 1),
(27, 'Araling Panlipunan', 'AP-G4', 6, 1),
(28, 'MAPEH', 'MAPEH-G4', 6, 1),
(29, 'ESP (Edukasyon sa Pagpapakatao)', 'ESP-G4', 6, 1),
(30, 'HELE (Home Economics and Livelihood Education)', 'HELE-G4', 6, 1),
(31, 'English', 'ENG-G5', 7, 1),
(32, 'Reading', 'READ-G5', 7, 1),
(33, 'Filipino', 'FIL-G5', 7, 1),
(34, 'Science', 'SCI-G5', 7, 1),
(35, 'Mathematics', 'MATH-G5', 7, 1),
(36, 'Araling Panlipunan', 'AP-G5', 7, 1),
(37, 'MAPEH', 'MAPEH-G5', 7, 1),
(38, 'ESP (Edukasyon sa Pagpapakatao)', 'ESP-G5', 7, 1),
(39, 'HELE (Home Economics and Livelihood Education)', 'HELE-G5', 7, 1),
(40, 'English', 'ENG-G6', 8, 1),
(41, 'Reading', 'READ-G6', 8, 1),
(42, 'Filipino', 'FIL-G6', 8, 1),
(43, 'Science', 'SCI-G6', 8, 1),
(44, 'Mathematics', 'MATH-G6', 8, 1),
(45, 'Araling Panlipunan', 'AP-G6', 8, 1),
(46, 'MAPEH', 'MAPEH-G6', 8, 1),
(47, 'ESP (Edukasyon sa Pagpapakatao)', 'ESP-G6', 8, 1),
(48, 'HELE (Home Economics and Livelihood Education)', 'HELE-G6', 8, 1);

-- --------------------------------------------------------

--
-- Table structure for table `supportticket`
--

CREATE TABLE `supportticket` (
  `TicketID` int(11) NOT NULL,
  `UserID` int(11) NOT NULL,
  `Subject` varchar(255) NOT NULL,
  `TicketStatus` enum('Open','In Progress','On Hold','Closed') NOT NULL DEFAULT 'Open',
  `TicketPriority` enum('Low','Medium','High','Urgent') NOT NULL DEFAULT 'Medium',
  `CreatedAt` datetime NOT NULL DEFAULT current_timestamp(),
  `ResolvedAt` datetime DEFAULT NULL,
  `AssignedToUserID` int(11) DEFAULT NULL,
  `ResolvedByUserID` int(11) DEFAULT NULL
) ENGINE=InnoDB DEFAULT CHARSET=utf8mb4 COLLATE=utf8mb4_general_ci;

-- --------------------------------------------------------

--
-- Table structure for table `teacherprofile`
--

CREATE TABLE `teacherprofile` (
  `TeacherProfileID` int(11) NOT NULL,
  `ProfileID` int(11) NOT NULL,
  `EmployeeNumber` varchar(50) DEFAULT NULL,
  `Specialization` varchar(255) DEFAULT NULL,
  `HireDate` date DEFAULT NULL
) ENGINE=InnoDB DEFAULT CHARSET=utf8mb4 COLLATE=utf8mb4_general_ci;

-- --------------------------------------------------------

--
-- Table structure for table `ticketmessage`
--

CREATE TABLE `ticketmessage` (
  `MessageID` int(11) NOT NULL,
  `TicketID` int(11) NOT NULL,
  `SenderUserID` int(11) NOT NULL,
  `Message` text NOT NULL,
  `AttachmentFileID` int(11) DEFAULT NULL,
  `SentAt` datetime NOT NULL DEFAULT current_timestamp(),
  `IsInternal` tinyint(1) NOT NULL DEFAULT 0
) ENGINE=InnoDB DEFAULT CHARSET=utf8mb4 COLLATE=utf8mb4_general_ci;

-- --------------------------------------------------------

--
-- Table structure for table `transaction`
--

CREATE TABLE `transaction` (
  `TransactionID` int(11) NOT NULL,
  `StudentProfileID` int(11) DEFAULT NULL,
  `SchoolYearID` int(11) NOT NULL,
  `IssueDate` date NOT NULL,
  `DueDate` date DEFAULT NULL,
  `TotalAmount` decimal(10,2) NOT NULL,
  `PaidAmount` decimal(10,2) NOT NULL DEFAULT 0.00,
  `BalanceAmount` decimal(10,2) GENERATED ALWAYS AS (`TotalAmount` - `PaidAmount`) STORED,
  `TransactionStatusID` int(11) DEFAULT NULL,
  `PaymentMode` enum('full','quarterly','monthly') DEFAULT 'full'
) ENGINE=InnoDB DEFAULT CHARSET=utf8mb4 COLLATE=utf8mb4_general_ci;

-- --------------------------------------------------------

--
-- Table structure for table `transactionitem`
--

CREATE TABLE `transactionitem` (
  `ItemID` int(11) NOT NULL,
  `TransactionID` int(11) NOT NULL,
  `ItemTypeID` int(11) NOT NULL,
  `Description` varchar(255) NOT NULL,
  `Amount` decimal(10,2) NOT NULL,
  `Quantity` int(11) NOT NULL DEFAULT 1
) ENGINE=InnoDB DEFAULT CHARSET=utf8mb4 COLLATE=utf8mb4_general_ci;

-- --------------------------------------------------------

--
-- Table structure for table `transactionstatus`
--

CREATE TABLE `transactionstatus` (
  `StatusID` int(11) NOT NULL,
  `StatusName` varchar(50) NOT NULL,
  `SortOrder` int(11) DEFAULT 0
) ENGINE=InnoDB DEFAULT CHARSET=utf8mb4 COLLATE=utf8mb4_general_ci;

-- --------------------------------------------------------

--
-- Table structure for table `user`
--

CREATE TABLE `user` (
  `UserID` int(11) NOT NULL,
  `EmailAddress` varchar(255) NOT NULL,
  `UserType` enum('Admin','Teacher','Student','Parent','Registrar','Guard','Staff','HeadTeacher') NOT NULL,
  `AccountStatus` enum('Active','Inactive','Suspended','PendingVerification') NOT NULL DEFAULT 'PendingVerification',
  `LastLoginDate` datetime DEFAULT NULL,
  `CreatedAt` datetime NOT NULL DEFAULT current_timestamp(),
  `UpdatedAt` datetime NOT NULL DEFAULT current_timestamp() ON UPDATE current_timestamp(),
  `IsDeleted` tinyint(1) NOT NULL DEFAULT 0,
  `DeletedAt` datetime DEFAULT NULL
) ENGINE=InnoDB DEFAULT CHARSET=utf8mb4 COLLATE=utf8mb4_general_ci;

--
-- Dumping data for table `user`
--

INSERT INTO `user` (`UserID`, `EmailAddress`, `UserType`, `AccountStatus`, `LastLoginDate`, `CreatedAt`, `UpdatedAt`, `IsDeleted`, `DeletedAt`) VALUES
(1, 'johnreybisnarcalipes@gmail.com', 'Registrar', 'Active', NULL, '2025-12-11 10:28:08', '2025-12-11 10:28:08', 0, NULL);

-- --------------------------------------------------------

--
-- Table structure for table `userrole`
--

CREATE TABLE `userrole` (
  `UserRoleID` int(11) NOT NULL,
  `UserID` int(11) NOT NULL,
  `RoleID` int(11) NOT NULL,
  `AssignedDate` datetime NOT NULL DEFAULT current_timestamp(),
  `ExpiryDate` datetime DEFAULT NULL,
  `AssignedByUserID` int(11) DEFAULT NULL
) ENGINE=InnoDB DEFAULT CHARSET=utf8mb4 COLLATE=utf8mb4_general_ci;

--
-- Dumping data for table `userrole`
--

INSERT INTO `userrole` (`UserRoleID`, `UserID`, `RoleID`, `AssignedDate`, `ExpiryDate`, `AssignedByUserID`) VALUES
(1, 24, 4, '2025-12-07 00:00:00', NULL, NULL),
(2, 25, 4, '2025-12-07 00:00:00', NULL, NULL),
(3, 26, 4, '2025-12-07 00:00:00', NULL, NULL),
(4, 27, 4, '2025-12-07 00:00:00', NULL, NULL);

-- --------------------------------------------------------

--
-- Table structure for table `usersettings`
--

CREATE TABLE `usersettings` (
  `SettingsID` int(11) NOT NULL,
  `UserID` int(11) NOT NULL,
  `Theme` varchar(50) DEFAULT 'default',
  `AccentColor` varchar(20) DEFAULT '#007bff',
  `NotificationPreferences` longtext CHARACTER SET utf8mb4 COLLATE utf8mb4_bin DEFAULT NULL CHECK (json_valid(`NotificationPreferences`)),
  `TwoFactorEnabled` tinyint(1) NOT NULL DEFAULT 0
) ENGINE=InnoDB DEFAULT CHARSET=utf8mb4 COLLATE=utf8mb4_general_ci;

-- --------------------------------------------------------

--
-- Table structure for table `user_sessions`
--

CREATE TABLE `user_sessions` (
  `SessionID` int(11) NOT NULL,
  `UserID` int(11) NOT NULL,
  `Token` varchar(255) NOT NULL,
  `ExpiresAt` datetime NOT NULL,
  `CreatedAt` datetime NOT NULL DEFAULT current_timestamp(),
  `LastActivity` datetime NOT NULL DEFAULT current_timestamp() ON UPDATE current_timestamp()
) ENGINE=InnoDB DEFAULT CHARSET=utf8mb4 COLLATE=utf8mb4_general_ci;

--
-- Dumping data for table `user_sessions`
--

INSERT INTO `user_sessions` (`SessionID`, `UserID`, `Token`, `ExpiresAt`, `CreatedAt`, `LastActivity`) VALUES
(1, 1, '956de54926de39a48887612435ac256c3b884ec12c688fe9e2bcf7501cec8947_1_1765703366', '2026-01-13 17:09:26', '2025-12-11 10:33:47', '2025-12-14 17:09:26');

-- --------------------------------------------------------

--
-- Table structure for table `vw_student_auth`
--

CREATE TABLE `vw_student_auth` (
  `UserID` int(11) DEFAULT NULL,
  `EmailAddress` varchar(255) DEFAULT NULL,
  `UserType` enum('Admin','Teacher','Student','Parent','Registrar','Guard','Staff','HeadTeacher') DEFAULT NULL,
  `AccountStatus` enum('Active','Inactive','Suspended','PendingVerification') DEFAULT NULL,
  `LastLoginDate` datetime DEFAULT NULL,
  `UserCreatedAt` datetime DEFAULT NULL,
  `IsDeleted` tinyint(1) DEFAULT NULL,
  `ProfileID` int(11) DEFAULT NULL,
  `FirstName` varchar(100) DEFAULT NULL,
  `LastName` varchar(100) DEFAULT NULL,
  `MiddleName` varchar(100) DEFAULT NULL,
  `FullName` varchar(302) DEFAULT NULL,
  `EncryptedPhoneNumber` varbinary(255) DEFAULT NULL,
  `EncryptedAddress` varbinary(512) DEFAULT NULL,
  `ProfilePictureURL` varchar(2048) DEFAULT NULL,
  `StudentProfileID` int(11) DEFAULT NULL,
  `StudentNumber` varchar(50) DEFAULT NULL,
  `QRCodeID` varchar(255) DEFAULT NULL,
  `DateOfBirth` date DEFAULT NULL,
  `Gender` varchar(20) DEFAULT NULL,
  `Nationality` varchar(100) DEFAULT NULL,
  `StudentStatus` enum('Enrolled','Withdrawn','Graduated','On Leave') DEFAULT NULL,
  `ArchiveDate` date DEFAULT NULL,
  `PasswordHash` varchar(255) DEFAULT NULL,
  `PasswordSetDate` datetime DEFAULT NULL,
  `ExpiryDate` datetime DEFAULT NULL,
  `MustChange` tinyint(1) DEFAULT NULL,
  `FailedLoginAttempts` int(11) DEFAULT NULL,
  `LockedUntil` datetime DEFAULT NULL,
  `LoginStatus` varchar(12) DEFAULT NULL,
  `Age` bigint(21) DEFAULT NULL
) ENGINE=InnoDB DEFAULT CHARSET=utf8mb4 COLLATE=utf8mb4_general_ci;

-- --------------------------------------------------------

--
-- Structure for view `studentlogindetails`
--
DROP TABLE IF EXISTS `studentlogindetails`;

CREATE ALGORITHM=UNDEFINED DEFINER=`root`@`localhost` SQL SECURITY DEFINER VIEW `studentlogindetails`  AS SELECT `u`.`UserID` AS `UserID`, `sp`.`StudentNumber` AS `StudentNumber`, `pp`.`PasswordHash` AS `PasswordHash`, concat(`p`.`FirstName`,' ',`p`.`LastName`) AS `FullName`, `u`.`UserType` AS `UserType`, `u`.`AccountStatus` AS `AccountStatus`, `p`.`ProfileID` AS `ProfileID` FROM (((`studentprofile` `sp` join `profile` `p` on(`sp`.`ProfileID` = `p`.`ProfileID`)) join `user` `u` on(`p`.`UserID` = `u`.`UserID`)) join `passwordpolicy` `pp` on(`u`.`UserID` = `pp`.`UserID`)) WHERE `u`.`UserType` = 'Student' ;

--
-- Indexes for dumped tables
--

--
-- Indexes for table `academicstanding`
--
ALTER TABLE `academicstanding`
  ADD PRIMARY KEY (`StandingID`),
  ADD UNIQUE KEY `EnrollmentID` (`EnrollmentID`),
  ADD KEY `fk_AcademicStanding_StandingLevel` (`StandingLevelID`),
  ADD KEY `fk_AcademicStanding_ParticipationLevel` (`ParticipationLevelID`);

--
-- Indexes for table `academicstandinglevel`
--
ALTER TABLE `academicstandinglevel`
  ADD PRIMARY KEY (`StandingLevelID`),
  ADD UNIQUE KEY `LevelName` (`LevelName`);

--
-- Indexes for table `adminprofile`
--
ALTER TABLE `adminprofile`
  ADD PRIMARY KEY (`AdminProfileID`),
  ADD KEY `profile_admin_fk` (`ProfileID`);

--
-- Indexes for table `announcement`
--
ALTER TABLE `announcement`
  ADD PRIMARY KEY (`AnnouncementID`),
  ADD KEY `fk_Announcement_User` (`AuthorUserID`);

--
-- Indexes for table `application`
--
ALTER TABLE `application`
  ADD PRIMARY KEY (`ApplicationID`),
  ADD UNIQUE KEY `TrackingNumber` (`TrackingNumber`),
  ADD KEY `fk_Application_Profile` (`ApplicantProfileID`),
  ADD KEY `fk_Application_SchoolYear` (`SchoolYearID`),
  ADD KEY `fk_Application_GradeLevel` (`ApplyingForGradeLevelID`),
  ADD KEY `fk_Application_ReviewedByUser` (`ReviewedByUserID`),
  ADD KEY `idx_tracking_number` (`TrackingNumber`),
  ADD KEY `fk_Application_Transaction` (`TransactionID`);

--
-- Indexes for table `applicationrequirement`
--
ALTER TABLE `applicationrequirement`
  ADD PRIMARY KEY (`RequirementID`),
  ADD KEY `fk_ApplicationRequirement_Application` (`ApplicationID`),
  ADD KEY `fk_ApplicationRequirement_RequirementType` (`RequirementTypeID`),
  ADD KEY `fk_ApplicationRequirement_SecureFile` (`SecureFileID`),
  ADD KEY `fk_ApplicationRequirement_VerifiedByUser` (`VerifiedByUserID`);

--
-- Indexes for table `applieddiscount`
--
ALTER TABLE `applieddiscount`
  ADD PRIMARY KEY (`AppliedDiscountID`),
  ADD KEY `fk_AppliedDiscount_Transaction` (`TransactionID`),
  ADD KEY `fk_AppliedDiscount_Discount` (`DiscountID`),
  ADD KEY `fk_AppliedDiscount_ApprovedByUser` (`ApprovedByUserID`);

--
-- Indexes for table `archive_search`
--
ALTER TABLE `archive_search`
  ADD PRIMARY KEY (`id`);

--
-- Indexes for table `attendance`
--
ALTER TABLE `attendance`
  ADD PRIMARY KEY (`AttendanceID`),
  ADD UNIQUE KEY `StudentProfileID` (`StudentProfileID`,`ClassScheduleID`,`AttendanceDate`),
  ADD KEY `fk_Attendance_ClassSchedule` (`ClassScheduleID`),
  ADD KEY `fk_Attendance_Method` (`AttendanceMethodID`);

--
-- Indexes for table `attendancemethod`
--
ALTER TABLE `attendancemethod`
  ADD PRIMARY KEY (`MethodID`),
  ADD UNIQUE KEY `MethodName` (`MethodName`);

--
-- Indexes for table `attendancesummary`
--
ALTER TABLE `attendancesummary`
  ADD PRIMARY KEY (`AttendanceSummaryID`),
  ADD UNIQUE KEY `unique_student_year` (`StudentProfileID`,`SchoolYearID`),
  ADD KEY `fk_AttendanceSummary_SchoolYear` (`SchoolYearID`);

--
-- Indexes for table `auditlog`
--
ALTER TABLE `auditlog`
  ADD PRIMARY KEY (`AuditID`),
  ADD KEY `fk_AuditLog_User` (`UserID`);

--
-- Indexes for table `authorized_escort`
--
ALTER TABLE `authorized_escort`
  ADD PRIMARY KEY (`EscortID`),
  ADD KEY `fk_AuthorizedEscort_Student` (`StudentProfileID`),
  ADD KEY `fk_AuthorizedEscort_Approver` (`ApprovedByUserID`);

--
-- Indexes for table `classschedule`
--
ALTER TABLE `classschedule`
  ADD PRIMARY KEY (`ScheduleID`),
  ADD KEY `fk_ClassSchedule_Section` (`SectionID`),
  ADD KEY `fk_ClassSchedule_Subject` (`SubjectID`),
  ADD KEY `fk_ClassSchedule_TeacherProfile` (`TeacherProfileID`),
  ADD KEY `fk_ClassSchedule_Status` (`ScheduleStatusID`);

--
-- Indexes for table `discount`
--
ALTER TABLE `discount`
  ADD PRIMARY KEY (`DiscountID`),
  ADD KEY `fk_Discount_DiscountType` (`DiscountTypeID`);

--
-- Indexes for table `discounttype`
--
ALTER TABLE `discounttype`
  ADD PRIMARY KEY (`DiscountTypeID`),
  ADD UNIQUE KEY `TypeName` (`TypeName`);

--
-- Indexes for table `document_request`
--
ALTER TABLE `document_request`
  ADD PRIMARY KEY (`RequestID`),
  ADD KEY `fk_DocumentRequest_Student` (`StudentProfileID`),
  ADD KEY `fk_DocumentRequest_Processor` (`ProcessedByUserID`);

--
-- Indexes for table `emergencycontact`
--
ALTER TABLE `emergencycontact`
  ADD PRIMARY KEY (`EmergencyContactID`),
  ADD KEY `fk_EmergencyContact_StudentProfile` (`StudentProfileID`);

--
-- Indexes for table `enrollment`
--
ALTER TABLE `enrollment`
  ADD PRIMARY KEY (`EnrollmentID`),
  ADD UNIQUE KEY `StudentProfileID` (`StudentProfileID`,`SchoolYearID`),
  ADD KEY `fk_Enrollment_Section` (`SectionID`),
  ADD KEY `fk_Enrollment_SchoolYear` (`SchoolYearID`);

--
-- Indexes for table `faq`
--
ALTER TABLE `faq`
  ADD PRIMARY KEY (`FAQID`);

--
-- Indexes for table `grade`
--
ALTER TABLE `grade`
  ADD PRIMARY KEY (`GradeID`),
  ADD UNIQUE KEY `EnrollmentID` (`EnrollmentID`,`SubjectID`,`Quarter`),
  ADD KEY `fk_Grade_Subject` (`SubjectID`),
  ADD KEY `fk_Grade_Status` (`GradeStatusID`),
  ADD KEY `fk_Grade_ModifiedByUser` (`ModifiedByUserID`);

--
-- Indexes for table `gradelevel`
--
ALTER TABLE `gradelevel`
  ADD PRIMARY KEY (`GradeLevelID`),
  ADD UNIQUE KEY `LevelName` (`LevelName`);

--
-- Indexes for table `gradestatus`
--
ALTER TABLE `gradestatus`
  ADD PRIMARY KEY (`StatusID`),
  ADD UNIQUE KEY `StatusName` (`StatusName`);

--
-- Indexes for table `gradesubmission`
--
ALTER TABLE `gradesubmission`
  ADD PRIMARY KEY (`SubmissionID`),
  ADD UNIQUE KEY `unique_section_quarter` (`SectionID`,`SchoolYearID`,`Quarter`),
  ADD KEY `idx_section` (`SectionID`),
  ADD KEY `idx_school_year` (`SchoolYearID`),
  ADD KEY `idx_status` (`SubmissionStatus`),
  ADD KEY `idx_submitted_by` (`SubmittedByUserID`),
  ADD KEY `idx_reviewed_by` (`ReviewedByUserID`),
  ADD KEY `idx_submission_date` (`SubmittedDate`);

--
-- Indexes for table `gradesubmissiondeadline`
--
ALTER TABLE `gradesubmissiondeadline`
  ADD PRIMARY KEY (`DeadlineID`),
  ADD UNIQUE KEY `unique_schoolyear_quarter` (`SchoolYearID`,`Quarter`),
  ADD KEY `fk_GradeDeadline_SchoolYear` (`SchoolYearID`),
  ADD KEY `fk_GradeDeadline_CreatedByUser` (`CreatedByUserID`);

--
-- Indexes for table `guardian`
--
ALTER TABLE `guardian`
  ADD PRIMARY KEY (`GuardianID`);

--
-- Indexes for table `guardprofile`
--
ALTER TABLE `guardprofile`
  ADD PRIMARY KEY (`GuardProfileID`),
  ADD KEY `profile_guard_fk` (`ProfileID`);

--
-- Indexes for table `itemtype`
--
ALTER TABLE `itemtype`
  ADD PRIMARY KEY (`ItemTypeID`),
  ADD UNIQUE KEY `TypeName` (`TypeName`);

--
-- Indexes for table `medicalinfo`
--
ALTER TABLE `medicalinfo`
  ADD PRIMARY KEY (`MedicalInfoID`),
  ADD UNIQUE KEY `StudentProfileID` (`StudentProfileID`);

--
-- Indexes for table `notificationlog`
--
ALTER TABLE `notificationlog`
  ADD PRIMARY KEY (`LogID`),
  ADD KEY `fk_NotificationLog_User` (`RecipientUserID`),
  ADD KEY `fk_NotificationLog_NotificationType` (`NotificationTypeID`);

--
-- Indexes for table `notificationtype`
--
ALTER TABLE `notificationtype`
  ADD PRIMARY KEY (`NotificationTypeID`),
  ADD UNIQUE KEY `TypeName` (`TypeName`);

--
-- Indexes for table `participationlevel`
--
ALTER TABLE `participationlevel`
  ADD PRIMARY KEY (`ParticipationLevelID`),
  ADD UNIQUE KEY `LevelName` (`LevelName`);

--
-- Indexes for table `participationrating`
--
ALTER TABLE `participationrating`
  ADD PRIMARY KEY (`ParticipationRatingID`),
  ADD UNIQUE KEY `unique_student_year` (`StudentProfileID`,`SchoolYearID`),
  ADD KEY `fk_ParticipationRating_SchoolYear` (`SchoolYearID`),
  ADD KEY `fk_ParticipationRating_EvaluatedByUser` (`EvaluatedByUserID`);

--
-- Indexes for table `passwordhistory`
--
ALTER TABLE `passwordhistory`
  ADD PRIMARY KEY (`HistoryID`),
  ADD KEY `fk_PasswordHistory_User` (`UserID`);

--
-- Indexes for table `passwordpolicy`
--
ALTER TABLE `passwordpolicy`
  ADD PRIMARY KEY (`PolicyID`),
  ADD UNIQUE KEY `UserID` (`UserID`);

--
-- Indexes for table `password_reset_tokens`
--
ALTER TABLE `password_reset_tokens`
  ADD PRIMARY KEY (`TokenID`),
  ADD UNIQUE KEY `Token` (`Token`),
  ADD KEY `fk_PasswordResetToken_User` (`UserID`);

--
-- Indexes for table `payment`
--
ALTER TABLE `payment`
  ADD PRIMARY KEY (`PaymentID`),
  ADD UNIQUE KEY `ReferenceNumber` (`ReferenceNumber`),
  ADD KEY `fk_Payment_Transaction` (`TransactionID`),
  ADD KEY `fk_Payment_PaymentMethod` (`PaymentMethodID`),
  ADD KEY `fk_Payment_SecureFile` (`ProofFileID`),
  ADD KEY `fk_Payment_VerifiedByUser` (`VerifiedByUserID`),
  ADD KEY `VerifiedBy` (`VerifiedBy`);

--
-- Indexes for table `paymentmethod`
--
ALTER TABLE `paymentmethod`
  ADD PRIMARY KEY (`PaymentMethodID`),
  ADD UNIQUE KEY `MethodName` (`MethodName`);

--
-- Indexes for table `permission`
--
ALTER TABLE `permission`
  ADD PRIMARY KEY (`PermissionID`),
  ADD UNIQUE KEY `PermissionCode` (`PermissionCode`);

--
-- Indexes for table `profile`
--
ALTER TABLE `profile`
  ADD PRIMARY KEY (`ProfileID`),
  ADD UNIQUE KEY `UserID` (`UserID`);

--
-- Indexes for table `registrarprofile`
--
ALTER TABLE `registrarprofile`
  ADD PRIMARY KEY (`RegistrarProfileID`),
  ADD KEY `profile_registrar_fk` (`ProfileID`);

--
-- Indexes for table `requirementtype`
--
ALTER TABLE `requirementtype`
  ADD PRIMARY KEY (`RequirementTypeID`),
  ADD UNIQUE KEY `TypeName` (`TypeName`);

--
-- Indexes for table `role`
--
ALTER TABLE `role`
  ADD PRIMARY KEY (`RoleID`),
  ADD UNIQUE KEY `RoleName` (`RoleName`);

--
-- Indexes for table `rolepermission`
--
ALTER TABLE `rolepermission`
  ADD PRIMARY KEY (`RolePermissionID`),
  ADD UNIQUE KEY `RoleID` (`RoleID`,`PermissionID`),
  ADD KEY `fk_RolePermission_Permission` (`PermissionID`);

--
-- Indexes for table `schedulestatus`
--
ALTER TABLE `schedulestatus`
  ADD PRIMARY KEY (`StatusID`),
  ADD UNIQUE KEY `StatusName` (`StatusName`);

--
-- Indexes for table `schoolyear`
--
ALTER TABLE `schoolyear`
  ADD PRIMARY KEY (`SchoolYearID`),
  ADD UNIQUE KEY `YearName` (`YearName`);

--
-- Indexes for table `section`
--
ALTER TABLE `section`
  ADD PRIMARY KEY (`SectionID`),
  ADD KEY `fk_Section_GradeLevel` (`GradeLevelID`),
  ADD KEY `fk_Section_SchoolYear` (`SchoolYearID`),
  ADD KEY `fk_Section_TeacherProfile` (`AdviserTeacherID`);

--
-- Indexes for table `securefile`
--
ALTER TABLE `securefile`
  ADD PRIMARY KEY (`FileID`),
  ADD UNIQUE KEY `StoredFileName` (`StoredFileName`),
  ADD KEY `fk_SecureFile_User` (`UploadedByUserID`);

--
-- Indexes for table `studentguardian`
--
ALTER TABLE `studentguardian`
  ADD PRIMARY KEY (`StudentGuardianID`),
  ADD KEY `fk_StudentGuardian_StudentProfile` (`StudentProfileID`),
  ADD KEY `fk_StudentGuardian_Guardian` (`GuardianID`);

--
-- Indexes for table `studentprofile`
--
ALTER TABLE `studentprofile`
  ADD PRIMARY KEY (`StudentProfileID`),
  ADD UNIQUE KEY `ProfileID` (`ProfileID`),
  ADD UNIQUE KEY `StudentNumber` (`StudentNumber`);

--
-- Indexes for table `subject`
--
ALTER TABLE `subject`
  ADD PRIMARY KEY (`SubjectID`),
  ADD UNIQUE KEY `SubjectCode` (`SubjectCode`),
  ADD KEY `fk_Subject_GradeLevel` (`GradeLevelID`);

--
-- Indexes for table `supportticket`
--
ALTER TABLE `supportticket`
  ADD PRIMARY KEY (`TicketID`),
  ADD KEY `fk_SupportTicket_User` (`UserID`),
  ADD KEY `fk_SupportTicket_AssignedToUser` (`AssignedToUserID`),
  ADD KEY `fk_SupportTicket_ResolvedByUser` (`ResolvedByUserID`);

--
-- Indexes for table `teacherprofile`
--
ALTER TABLE `teacherprofile`
  ADD PRIMARY KEY (`TeacherProfileID`),
  ADD UNIQUE KEY `ProfileID` (`ProfileID`);

--
-- Indexes for table `ticketmessage`
--
ALTER TABLE `ticketmessage`
  ADD PRIMARY KEY (`MessageID`),
  ADD KEY `fk_TicketMessage_SupportTicket` (`TicketID`),
  ADD KEY `fk_TicketMessage_User` (`SenderUserID`),
  ADD KEY `fk_TicketMessage_SecureFile` (`AttachmentFileID`);

--
-- Indexes for table `transaction`
--
ALTER TABLE `transaction`
  ADD PRIMARY KEY (`TransactionID`),
  ADD KEY `fk_Transaction_StudentProfile` (`StudentProfileID`),
  ADD KEY `fk_Transaction_SchoolYear` (`SchoolYearID`),
  ADD KEY `fk_transaction_status` (`TransactionStatusID`);

--
-- Indexes for table `transactionitem`
--
ALTER TABLE `transactionitem`
  ADD PRIMARY KEY (`ItemID`),
  ADD KEY `fk_TransactionItem_Transaction` (`TransactionID`),
  ADD KEY `fk_TransactionItem_ItemType` (`ItemTypeID`);

--
-- Indexes for table `transactionstatus`
--
ALTER TABLE `transactionstatus`
  ADD PRIMARY KEY (`StatusID`),
  ADD UNIQUE KEY `StatusName` (`StatusName`);

--
-- Indexes for table `user`
--
ALTER TABLE `user`
  ADD PRIMARY KEY (`UserID`),
  ADD UNIQUE KEY `EmailAddress` (`EmailAddress`);

--
-- Indexes for table `userrole`
--
ALTER TABLE `userrole`
  ADD PRIMARY KEY (`UserRoleID`),
  ADD UNIQUE KEY `UserID` (`UserID`,`RoleID`),
  ADD KEY `fk_UserRole_Role` (`RoleID`),
  ADD KEY `fk_UserRole_AssignedByUser` (`AssignedByUserID`);

--
-- Indexes for table `usersettings`
--
ALTER TABLE `usersettings`
  ADD PRIMARY KEY (`SettingsID`),
  ADD UNIQUE KEY `UserID` (`UserID`);

--
-- Indexes for table `user_sessions`
--
ALTER TABLE `user_sessions`
  ADD PRIMARY KEY (`SessionID`),
  ADD UNIQUE KEY `Token` (`Token`),
  ADD UNIQUE KEY `UserID` (`UserID`),
  ADD KEY `fk_UserSessions_User` (`UserID`),
  ADD KEY `idx_token_expiry` (`Token`,`ExpiresAt`);

--
-- AUTO_INCREMENT for dumped tables
--

--
-- AUTO_INCREMENT for table `academicstanding`
--
ALTER TABLE `academicstanding`
  MODIFY `StandingID` int(11) NOT NULL AUTO_INCREMENT;

--
-- AUTO_INCREMENT for table `academicstandinglevel`
--
ALTER TABLE `academicstandinglevel`
  MODIFY `StandingLevelID` int(11) NOT NULL AUTO_INCREMENT;

--
-- AUTO_INCREMENT for table `adminprofile`
--
ALTER TABLE `adminprofile`
  MODIFY `AdminProfileID` int(11) NOT NULL AUTO_INCREMENT;

--
-- AUTO_INCREMENT for table `announcement`
--
ALTER TABLE `announcement`
  MODIFY `AnnouncementID` int(11) NOT NULL AUTO_INCREMENT;

--
-- AUTO_INCREMENT for table `application`
--
ALTER TABLE `application`
  MODIFY `ApplicationID` int(11) NOT NULL AUTO_INCREMENT;

--
-- AUTO_INCREMENT for table `applicationrequirement`
--
ALTER TABLE `applicationrequirement`
  MODIFY `RequirementID` int(11) NOT NULL AUTO_INCREMENT;

--
-- AUTO_INCREMENT for table `applieddiscount`
--
ALTER TABLE `applieddiscount`
  MODIFY `AppliedDiscountID` int(11) NOT NULL AUTO_INCREMENT;

--
-- AUTO_INCREMENT for table `archive_search`
--
ALTER TABLE `archive_search`
  MODIFY `id` int(11) NOT NULL AUTO_INCREMENT;

--
-- AUTO_INCREMENT for table `attendance`
--
ALTER TABLE `attendance`
  MODIFY `AttendanceID` int(11) NOT NULL AUTO_INCREMENT;

--
-- AUTO_INCREMENT for table `attendancemethod`
--
ALTER TABLE `attendancemethod`
  MODIFY `MethodID` int(11) NOT NULL AUTO_INCREMENT, AUTO_INCREMENT=5;

--
-- AUTO_INCREMENT for table `attendancesummary`
--
ALTER TABLE `attendancesummary`
  MODIFY `AttendanceSummaryID` int(11) NOT NULL AUTO_INCREMENT;

--
-- AUTO_INCREMENT for table `auditlog`
--
ALTER TABLE `auditlog`
  MODIFY `AuditID` bigint(20) NOT NULL AUTO_INCREMENT;

--
-- AUTO_INCREMENT for table `authorized_escort`
--
ALTER TABLE `authorized_escort`
  MODIFY `EscortID` int(11) NOT NULL AUTO_INCREMENT;

--
-- AUTO_INCREMENT for table `classschedule`
--
ALTER TABLE `classschedule`
  MODIFY `ScheduleID` int(11) NOT NULL AUTO_INCREMENT;

--
-- AUTO_INCREMENT for table `discount`
--
ALTER TABLE `discount`
  MODIFY `DiscountID` int(11) NOT NULL AUTO_INCREMENT;

--
-- AUTO_INCREMENT for table `discounttype`
--
ALTER TABLE `discounttype`
  MODIFY `DiscountTypeID` int(11) NOT NULL AUTO_INCREMENT;

--
-- AUTO_INCREMENT for table `document_request`
--
ALTER TABLE `document_request`
  MODIFY `RequestID` int(11) NOT NULL AUTO_INCREMENT;

--
-- AUTO_INCREMENT for table `emergencycontact`
--
ALTER TABLE `emergencycontact`
  MODIFY `EmergencyContactID` int(11) NOT NULL AUTO_INCREMENT;

--
-- AUTO_INCREMENT for table `enrollment`
--
ALTER TABLE `enrollment`
  MODIFY `EnrollmentID` int(11) NOT NULL AUTO_INCREMENT;

--
-- AUTO_INCREMENT for table `faq`
--
ALTER TABLE `faq`
  MODIFY `FAQID` int(11) NOT NULL AUTO_INCREMENT;

--
-- AUTO_INCREMENT for table `grade`
--
ALTER TABLE `grade`
  MODIFY `GradeID` int(11) NOT NULL AUTO_INCREMENT;

--
-- AUTO_INCREMENT for table `gradelevel`
--
ALTER TABLE `gradelevel`
  MODIFY `GradeLevelID` int(11) NOT NULL AUTO_INCREMENT, AUTO_INCREMENT=11;

--
-- AUTO_INCREMENT for table `gradestatus`
--
ALTER TABLE `gradestatus`
  MODIFY `StatusID` int(11) NOT NULL AUTO_INCREMENT;

--
-- AUTO_INCREMENT for table `gradesubmission`
--
ALTER TABLE `gradesubmission`
  MODIFY `SubmissionID` int(11) NOT NULL AUTO_INCREMENT;

--
-- AUTO_INCREMENT for table `gradesubmissiondeadline`
--
ALTER TABLE `gradesubmissiondeadline`
  MODIFY `DeadlineID` int(11) NOT NULL AUTO_INCREMENT;

--
-- AUTO_INCREMENT for table `guardian`
--
ALTER TABLE `guardian`
  MODIFY `GuardianID` int(11) NOT NULL AUTO_INCREMENT;

--
-- AUTO_INCREMENT for table `guardprofile`
--
ALTER TABLE `guardprofile`
  MODIFY `GuardProfileID` int(11) NOT NULL AUTO_INCREMENT;

--
-- AUTO_INCREMENT for table `itemtype`
--
ALTER TABLE `itemtype`
  MODIFY `ItemTypeID` int(11) NOT NULL AUTO_INCREMENT;

--
-- AUTO_INCREMENT for table `medicalinfo`
--
ALTER TABLE `medicalinfo`
  MODIFY `MedicalInfoID` int(11) NOT NULL AUTO_INCREMENT;

--
-- AUTO_INCREMENT for table `notificationlog`
--
ALTER TABLE `notificationlog`
  MODIFY `LogID` int(11) NOT NULL AUTO_INCREMENT;

--
-- AUTO_INCREMENT for table `notificationtype`
--
ALTER TABLE `notificationtype`
  MODIFY `NotificationTypeID` int(11) NOT NULL AUTO_INCREMENT;

--
-- AUTO_INCREMENT for table `participationlevel`
--
ALTER TABLE `participationlevel`
  MODIFY `ParticipationLevelID` int(11) NOT NULL AUTO_INCREMENT;

--
-- AUTO_INCREMENT for table `participationrating`
--
ALTER TABLE `participationrating`
  MODIFY `ParticipationRatingID` int(11) NOT NULL AUTO_INCREMENT;

--
-- AUTO_INCREMENT for table `passwordhistory`
--
ALTER TABLE `passwordhistory`
  MODIFY `HistoryID` int(11) NOT NULL AUTO_INCREMENT;

--
-- AUTO_INCREMENT for table `passwordpolicy`
--
ALTER TABLE `passwordpolicy`
  MODIFY `PolicyID` int(11) NOT NULL AUTO_INCREMENT, AUTO_INCREMENT=2;

--
-- AUTO_INCREMENT for table `password_reset_tokens`
--
ALTER TABLE `password_reset_tokens`
  MODIFY `TokenID` int(11) NOT NULL AUTO_INCREMENT;

--
-- AUTO_INCREMENT for table `payment`
--
ALTER TABLE `payment`
  MODIFY `PaymentID` int(11) NOT NULL AUTO_INCREMENT;

--
-- AUTO_INCREMENT for table `paymentmethod`
--
ALTER TABLE `paymentmethod`
  MODIFY `PaymentMethodID` int(11) NOT NULL AUTO_INCREMENT, AUTO_INCREMENT=6;

--
-- AUTO_INCREMENT for table `permission`
--
ALTER TABLE `permission`
  MODIFY `PermissionID` int(11) NOT NULL AUTO_INCREMENT;

--
-- AUTO_INCREMENT for table `profile`
--
ALTER TABLE `profile`
  MODIFY `ProfileID` int(11) NOT NULL AUTO_INCREMENT, AUTO_INCREMENT=2;

--
-- AUTO_INCREMENT for table `registrarprofile`
--
ALTER TABLE `registrarprofile`
  MODIFY `RegistrarProfileID` int(11) NOT NULL AUTO_INCREMENT, AUTO_INCREMENT=2;

--
-- AUTO_INCREMENT for table `requirementtype`
--
ALTER TABLE `requirementtype`
  MODIFY `RequirementTypeID` int(11) NOT NULL AUTO_INCREMENT, AUTO_INCREMENT=5;

--
-- AUTO_INCREMENT for table `role`
--
ALTER TABLE `role`
  MODIFY `RoleID` int(11) NOT NULL AUTO_INCREMENT;

--
-- AUTO_INCREMENT for table `rolepermission`
--
ALTER TABLE `rolepermission`
  MODIFY `RolePermissionID` int(11) NOT NULL AUTO_INCREMENT;

--
-- AUTO_INCREMENT for table `schedulestatus`
--
ALTER TABLE `schedulestatus`
  MODIFY `StatusID` int(11) NOT NULL AUTO_INCREMENT;

--
-- AUTO_INCREMENT for table `schoolyear`
--
ALTER TABLE `schoolyear`
  MODIFY `SchoolYearID` int(11) NOT NULL AUTO_INCREMENT, AUTO_INCREMENT=8;

--
-- AUTO_INCREMENT for table `section`
--
ALTER TABLE `section`
  MODIFY `SectionID` int(11) NOT NULL AUTO_INCREMENT, AUTO_INCREMENT=30;

--
-- AUTO_INCREMENT for table `securefile`
--
ALTER TABLE `securefile`
  MODIFY `FileID` int(11) NOT NULL AUTO_INCREMENT;

--
-- AUTO_INCREMENT for table `studentguardian`
--
ALTER TABLE `studentguardian`
  MODIFY `StudentGuardianID` int(11) NOT NULL AUTO_INCREMENT;

--
-- AUTO_INCREMENT for table `studentprofile`
--
ALTER TABLE `studentprofile`
  MODIFY `StudentProfileID` int(11) NOT NULL AUTO_INCREMENT;

--
-- AUTO_INCREMENT for table `subject`
--
ALTER TABLE `subject`
  MODIFY `SubjectID` int(11) NOT NULL AUTO_INCREMENT, AUTO_INCREMENT=49;

--
-- AUTO_INCREMENT for table `supportticket`
--
ALTER TABLE `supportticket`
  MODIFY `TicketID` int(11) NOT NULL AUTO_INCREMENT;

--
-- AUTO_INCREMENT for table `teacherprofile`
--
ALTER TABLE `teacherprofile`
  MODIFY `TeacherProfileID` int(11) NOT NULL AUTO_INCREMENT;

--
-- AUTO_INCREMENT for table `ticketmessage`
--
ALTER TABLE `ticketmessage`
  MODIFY `MessageID` int(11) NOT NULL AUTO_INCREMENT;

--
-- AUTO_INCREMENT for table `transaction`
--
ALTER TABLE `transaction`
  MODIFY `TransactionID` int(11) NOT NULL AUTO_INCREMENT;

--
-- AUTO_INCREMENT for table `transactionitem`
--
ALTER TABLE `transactionitem`
  MODIFY `ItemID` int(11) NOT NULL AUTO_INCREMENT;

--
-- AUTO_INCREMENT for table `transactionstatus`
--
ALTER TABLE `transactionstatus`
  MODIFY `StatusID` int(11) NOT NULL AUTO_INCREMENT;

--
-- AUTO_INCREMENT for table `user`
--
ALTER TABLE `user`
  MODIFY `UserID` int(11) NOT NULL AUTO_INCREMENT, AUTO_INCREMENT=2;

--
-- AUTO_INCREMENT for table `userrole`
--
ALTER TABLE `userrole`
  MODIFY `UserRoleID` int(11) NOT NULL AUTO_INCREMENT, AUTO_INCREMENT=5;

--
-- AUTO_INCREMENT for table `usersettings`
--
ALTER TABLE `usersettings`
  MODIFY `SettingsID` int(11) NOT NULL AUTO_INCREMENT;

--
-- AUTO_INCREMENT for table `user_sessions`
--
ALTER TABLE `user_sessions`
  MODIFY `SessionID` int(11) NOT NULL AUTO_INCREMENT, AUTO_INCREMENT=11;

--
-- Constraints for dumped tables
--

--
-- Constraints for table `academicstanding`
--
ALTER TABLE `academicstanding`
  ADD CONSTRAINT `fk_AcademicStanding_Enrollment` FOREIGN KEY (`EnrollmentID`) REFERENCES `enrollment` (`EnrollmentID`) ON DELETE CASCADE,
  ADD CONSTRAINT `fk_AcademicStanding_ParticipationLevel` FOREIGN KEY (`ParticipationLevelID`) REFERENCES `participationlevel` (`ParticipationLevelID`) ON DELETE SET NULL,
  ADD CONSTRAINT `fk_AcademicStanding_StandingLevel` FOREIGN KEY (`StandingLevelID`) REFERENCES `academicstandinglevel` (`StandingLevelID`) ON DELETE SET NULL;

--
-- Constraints for table `adminprofile`
--
ALTER TABLE `adminprofile`
  ADD CONSTRAINT `profile_admin_fk` FOREIGN KEY (`ProfileID`) REFERENCES `profile` (`ProfileID`) ON DELETE CASCADE;

--
-- Constraints for table `announcement`
--
ALTER TABLE `announcement`
  ADD CONSTRAINT `fk_Announcement_User` FOREIGN KEY (`AuthorUserID`) REFERENCES `user` (`UserID`) ON DELETE CASCADE;

--
-- Constraints for table `application`
--
ALTER TABLE `application`
  ADD CONSTRAINT `fk_Application_GradeLevel` FOREIGN KEY (`ApplyingForGradeLevelID`) REFERENCES `gradelevel` (`GradeLevelID`),
  ADD CONSTRAINT `fk_Application_Profile` FOREIGN KEY (`ApplicantProfileID`) REFERENCES `profile` (`ProfileID`) ON DELETE CASCADE,
  ADD CONSTRAINT `fk_Application_ReviewedByUser` FOREIGN KEY (`ReviewedByUserID`) REFERENCES `user` (`UserID`) ON DELETE SET NULL,
  ADD CONSTRAINT `fk_Application_SchoolYear` FOREIGN KEY (`SchoolYearID`) REFERENCES `schoolyear` (`SchoolYearID`),
  ADD CONSTRAINT `fk_Application_Transaction` FOREIGN KEY (`TransactionID`) REFERENCES `transaction` (`TransactionID`) ON DELETE SET NULL;

--
-- Constraints for table `applicationrequirement`
--
ALTER TABLE `applicationrequirement`
  ADD CONSTRAINT `fk_ApplicationRequirement_Application` FOREIGN KEY (`ApplicationID`) REFERENCES `application` (`ApplicationID`) ON DELETE CASCADE,
  ADD CONSTRAINT `fk_ApplicationRequirement_RequirementType` FOREIGN KEY (`RequirementTypeID`) REFERENCES `requirementtype` (`RequirementTypeID`),
  ADD CONSTRAINT `fk_ApplicationRequirement_SecureFile` FOREIGN KEY (`SecureFileID`) REFERENCES `securefile` (`FileID`) ON DELETE SET NULL,
  ADD CONSTRAINT `fk_ApplicationRequirement_VerifiedByUser` FOREIGN KEY (`VerifiedByUserID`) REFERENCES `user` (`UserID`) ON DELETE SET NULL;

--
-- Constraints for table `applieddiscount`
--
ALTER TABLE `applieddiscount`
  ADD CONSTRAINT `fk_AppliedDiscount_ApprovedByUser` FOREIGN KEY (`ApprovedByUserID`) REFERENCES `user` (`UserID`) ON DELETE SET NULL,
  ADD CONSTRAINT `fk_AppliedDiscount_Discount` FOREIGN KEY (`DiscountID`) REFERENCES `discount` (`DiscountID`),
  ADD CONSTRAINT `fk_AppliedDiscount_Transaction` FOREIGN KEY (`TransactionID`) REFERENCES `transaction` (`TransactionID`) ON DELETE CASCADE;

--
-- Constraints for table `attendance`
--
ALTER TABLE `attendance`
  ADD CONSTRAINT `fk_Attendance_ClassSchedule` FOREIGN KEY (`ClassScheduleID`) REFERENCES `classschedule` (`ScheduleID`) ON DELETE CASCADE,
  ADD CONSTRAINT `fk_Attendance_Method` FOREIGN KEY (`AttendanceMethodID`) REFERENCES `attendancemethod` (`MethodID`) ON DELETE SET NULL,
  ADD CONSTRAINT `fk_Attendance_StudentProfile` FOREIGN KEY (`StudentProfileID`) REFERENCES `studentprofile` (`StudentProfileID`) ON DELETE CASCADE;

--
-- Constraints for table `attendancesummary`
--
ALTER TABLE `attendancesummary`
  ADD CONSTRAINT `fk_AttendanceSummary_SchoolYear` FOREIGN KEY (`SchoolYearID`) REFERENCES `schoolyear` (`SchoolYearID`) ON DELETE CASCADE,
  ADD CONSTRAINT `fk_AttendanceSummary_StudentProfile` FOREIGN KEY (`StudentProfileID`) REFERENCES `studentprofile` (`StudentProfileID`) ON DELETE CASCADE;

--
-- Constraints for table `auditlog`
--
ALTER TABLE `auditlog`
  ADD CONSTRAINT `fk_AuditLog_User` FOREIGN KEY (`UserID`) REFERENCES `user` (`UserID`) ON DELETE SET NULL;

--
-- Constraints for table `authorized_escort`
--
ALTER TABLE `authorized_escort`
  ADD CONSTRAINT `fk_AuthorizedEscort_Approver` FOREIGN KEY (`ApprovedByUserID`) REFERENCES `user` (`UserID`) ON DELETE SET NULL,
  ADD CONSTRAINT `fk_AuthorizedEscort_Student` FOREIGN KEY (`StudentProfileID`) REFERENCES `studentprofile` (`StudentProfileID`) ON DELETE CASCADE;

--
-- Constraints for table `classschedule`
--
ALTER TABLE `classschedule`
  ADD CONSTRAINT `fk_ClassSchedule_Section` FOREIGN KEY (`SectionID`) REFERENCES `section` (`SectionID`) ON DELETE CASCADE,
  ADD CONSTRAINT `fk_ClassSchedule_Status` FOREIGN KEY (`ScheduleStatusID`) REFERENCES `schedulestatus` (`StatusID`) ON DELETE SET NULL,
  ADD CONSTRAINT `fk_ClassSchedule_Subject` FOREIGN KEY (`SubjectID`) REFERENCES `subject` (`SubjectID`),
  ADD CONSTRAINT `fk_ClassSchedule_TeacherProfile` FOREIGN KEY (`TeacherProfileID`) REFERENCES `teacherprofile` (`TeacherProfileID`) ON DELETE SET NULL;

--
-- Constraints for table `discount`
--
ALTER TABLE `discount`
  ADD CONSTRAINT `fk_Discount_DiscountType` FOREIGN KEY (`DiscountTypeID`) REFERENCES `discounttype` (`DiscountTypeID`);

--
-- Constraints for table `document_request`
--
ALTER TABLE `document_request`
  ADD CONSTRAINT `fk_DocumentRequest_Processor` FOREIGN KEY (`ProcessedByUserID`) REFERENCES `user` (`UserID`) ON DELETE SET NULL,
  ADD CONSTRAINT `fk_DocumentRequest_Student` FOREIGN KEY (`StudentProfileID`) REFERENCES `studentprofile` (`StudentProfileID`) ON DELETE CASCADE;

--
-- Constraints for table `emergencycontact`
--
ALTER TABLE `emergencycontact`
  ADD CONSTRAINT `fk_EmergencyContact_StudentProfile` FOREIGN KEY (`StudentProfileID`) REFERENCES `studentprofile` (`StudentProfileID`) ON DELETE CASCADE;

--
-- Constraints for table `grade`
--
ALTER TABLE `grade`
  ADD CONSTRAINT `fk_Grade_Enrollment` FOREIGN KEY (`EnrollmentID`) REFERENCES `enrollment` (`EnrollmentID`) ON DELETE CASCADE,
  ADD CONSTRAINT `fk_Grade_ModifiedByUser` FOREIGN KEY (`ModifiedByUserID`) REFERENCES `user` (`UserID`) ON DELETE SET NULL,
  ADD CONSTRAINT `fk_Grade_Status` FOREIGN KEY (`GradeStatusID`) REFERENCES `gradestatus` (`StatusID`) ON DELETE SET NULL,
  ADD CONSTRAINT `fk_Grade_Subject` FOREIGN KEY (`SubjectID`) REFERENCES `subject` (`SubjectID`);

--
-- Constraints for table `gradesubmission`
--
ALTER TABLE `gradesubmission`
  ADD CONSTRAINT `fk_gradesubmission_reviewed_by` FOREIGN KEY (`ReviewedByUserID`) REFERENCES `user` (`UserID`) ON DELETE SET NULL,
  ADD CONSTRAINT `fk_gradesubmission_schoolyear` FOREIGN KEY (`SchoolYearID`) REFERENCES `schoolyear` (`SchoolYearID`) ON DELETE CASCADE,
  ADD CONSTRAINT `fk_gradesubmission_section` FOREIGN KEY (`SectionID`) REFERENCES `section` (`SectionID`) ON DELETE CASCADE,
  ADD CONSTRAINT `fk_gradesubmission_submitted_by` FOREIGN KEY (`SubmittedByUserID`) REFERENCES `user` (`UserID`) ON DELETE SET NULL;

--
-- Constraints for table `gradesubmissiondeadline`
--
ALTER TABLE `gradesubmissiondeadline`
  ADD CONSTRAINT `fk_GradeDeadline_CreatedByUser` FOREIGN KEY (`CreatedByUserID`) REFERENCES `user` (`UserID`) ON DELETE SET NULL,
  ADD CONSTRAINT `fk_GradeDeadline_SchoolYear` FOREIGN KEY (`SchoolYearID`) REFERENCES `schoolyear` (`SchoolYearID`);

--
-- Constraints for table `payment`
--
ALTER TABLE `payment`
  ADD CONSTRAINT `payment_ibfk_1` FOREIGN KEY (`VerifiedBy`) REFERENCES `user` (`UserID`);

--
-- Constraints for table `profile`
--
ALTER TABLE `profile`
  ADD CONSTRAINT `fk_Profile_User` FOREIGN KEY (`UserID`) REFERENCES `user` (`UserID`) ON DELETE CASCADE;

--
-- Constraints for table `studentprofile`
--
ALTER TABLE `studentprofile`
  ADD CONSTRAINT `fk_StudentProfile_Profile` FOREIGN KEY (`ProfileID`) REFERENCES `profile` (`ProfileID`) ON DELETE CASCADE;

--
-- Constraints for table `user_sessions`
--
ALTER TABLE `user_sessions`
  ADD CONSTRAINT `fk_UserSessions_User` FOREIGN KEY (`UserID`) REFERENCES `user` (`UserID`) ON DELETE CASCADE;
COMMIT;

/*!40101 SET CHARACTER_SET_CLIENT=@OLD_CHARACTER_SET_CLIENT */;
/*!40101 SET CHARACTER_SET_RESULTS=@OLD_CHARACTER_SET_RESULTS */;
/*!40101 SET COLLATION_CONNECTION=@OLD_COLLATION_CONNECTION */;
